<?xml version="1.0" encoding="UTF-8"?>
<metadata xml:lang="en"><Esri><CreaDate>20110302</CreaDate><CreaTime>16300800</CreaTime><ArcGISFormat>1.0</ArcGISFormat><ArcGISstyle>Item Description</ArcGISstyle><SyncOnce>TRUE</SyncOnce><DataProperties><lineage><Process ToolSource="C:\Program Files (x86)\ArcGIS\Desktop10.0\ArcToolbox\Toolboxes\Spatial Analyst Tools.tbx\ExtractByMask" Date="20110302" Time="163008">ExtractByMask Hillshade_downeast.jp2 Townships D:\tmp\exercise_02\hillshade2.img</Process><Process ToolSource="C:\Program Files (x86)\ArcGIS\Desktop10.0\ArcToolbox\Toolboxes\Data Management Tools.tbx\CalculateStatistics" Date="20110302" Time="163257">CalculateStatistics D:\tmp\exercise_02\hillshade.img 1 1 #</Process></lineage></DataProperties></Esri></metadata>
