<?xml version="1.0" encoding="UTF-8"?>
<metadata xml:lang="en"><Esri><CreaDate>20111228</CreaDate><CreaTime>13322700</CreaTime><ArcGISFormat>1.0</ArcGISFormat><SyncOnce>FALSE</SyncOnce><DataProperties><lineage><Process ToolSource="c:\program files (x86)\arcgis\desktop10.0\ArcToolbox\Toolboxes\Spatial Analyst Tools.tbx\RasterCalculator" Date="20111228" Time="133227">RasterCalculator "- "bathymetry"" D:\login_name\tmp\bathymetry2.img</Process><Process ToolSource="c:\program files (x86)\arcgis\desktop10.0\ArcToolbox\Toolboxes\Data Management Tools.tbx\Resample" Date="20121019" Time="152607">Resample bathymetry.img "D:\mgimond\ES214\Day14 and 15\in_class\Elevation\bathymetry2.img" 0.333333333333333 NEAREST</Process><Process ToolSource="c:\program files (x86)\arcgis\desktop10.0\ArcToolbox\Toolboxes\Data Management Tools.tbx\CalculateStatistics" Date="20121022" Time="085945">CalculateStatistics "D:\mgimond\ES214\Day14 and 15\in_class\Elevation\bathymetry.img" 1 1 #</Process></lineage><itemProps><itemName Sync="TRUE">bathymetry2.img</itemName><itemLocation><linkage Sync="TRUE">file://D:\mgimond\ES214\Day14 and 15\in_class\Elevation\bathymetry2.img</linkage><protocol Sync="TRUE">Local Area Network</protocol></itemLocation><imsContentType Sync="TRUE">002</imsContentType><nativeExtBox><westBL Sync="TRUE">-180.000000</westBL><eastBL Sync="TRUE">180.000000</eastBL><southBL Sync="TRUE">-90.000000</southBL><northBL Sync="TRUE">90.000000</northBL><exTypeCode Sync="TRUE">1</exTypeCode></nativeExtBox></itemProps><coordRef><type Sync="TRUE">Geographic</type><geogcsn Sync="TRUE">GCS_WGS_1984</geogcsn><csUnits Sync="TRUE">Angular Unit: Degree (0.017453)</csUnits><peXml Sync="TRUE">&lt;GeographicCoordinateSystem xsi:type='typens:GeographicCoordinateSystem' xmlns:xsi='http://www.w3.org/2001/XMLSchema-instance' xmlns:xs='http://www.w3.org/2001/XMLSchema' xmlns:typens='http://www.esri.com/schemas/ArcGIS/10.0'&gt;&lt;WKT&gt;GEOGCS[&amp;quot;GCS_WGS_1984&amp;quot;,DATUM[&amp;quot;D_WGS_1984&amp;quot;,SPHEROID[&amp;quot;WGS_1984&amp;quot;,6378137.0,298.257223563]],PRIMEM[&amp;quot;Greenwich&amp;quot;,0.0],UNIT[&amp;quot;Degree&amp;quot;,0.0174532925199433]],VERTCS[&amp;quot;Unknown VCS&amp;quot;,VDATUM[&amp;quot;Unknown&amp;quot;],PARAMETER[&amp;quot;Vertical_Shift&amp;quot;,0.0],PARAMETER[&amp;quot;Direction&amp;quot;,1.0],UNIT[&amp;quot;Meter&amp;quot;,1.0]]&lt;/WKT&gt;&lt;XOrigin&gt;-399.99999999999989&lt;/XOrigin&gt;&lt;YOrigin&gt;-399.99999999999989&lt;/YOrigin&gt;&lt;XYScale&gt;11258999068426.24&lt;/XYScale&gt;&lt;ZOrigin&gt;-100000&lt;/ZOrigin&gt;&lt;ZScale&gt;10000&lt;/ZScale&gt;&lt;MOrigin&gt;-100000&lt;/MOrigin&gt;&lt;MScale&gt;10000&lt;/MScale&gt;&lt;XYTolerance&gt;8.9831528411952133e-009&lt;/XYTolerance&gt;&lt;ZTolerance&gt;0.001&lt;/ZTolerance&gt;&lt;MTolerance&gt;0.001&lt;/MTolerance&gt;&lt;HighPrecision&gt;true&lt;/HighPrecision&gt;&lt;LeftLongitude&gt;-180&lt;/LeftLongitude&gt;&lt;WKID&gt;4326&lt;/WKID&gt;&lt;/GeographicCoordinateSystem&gt;</peXml></coordRef><RasterProperties><General><PixelDepth Sync="TRUE">32</PixelDepth><HasColormap Sync="TRUE">FALSE</HasColormap><CompressionType Sync="TRUE">RLE</CompressionType><NumBands Sync="TRUE">1</NumBands><Format Sync="TRUE">IMAGINE Image</Format><HasPyramids Sync="TRUE">TRUE</HasPyramids><SourceType Sync="TRUE">continuous</SourceType><PixelType Sync="TRUE">signed integer</PixelType><NoDataValue Sync="TRUE">-2.1474836e+009</NoDataValue></General></RasterProperties></DataProperties><SyncDate>20121019</SyncDate><SyncTime>15260700</SyncTime><ModDate>20121019</ModDate><ModTime>15260700</ModTime></Esri><dataIdInfo><envirDesc Sync="TRUE">Microsoft Windows 7 Version 6.1 (Build 7601) Service Pack 1; ESRI ArcGIS 10.0.5.4400</envirDesc><dataLang><languageCode value="eng" Sync="TRUE"></languageCode><countryCode value="USA" Sync="TRUE"></countryCode></dataLang><idCitation><resTitle Sync="TRUE">bathymetry2.img</resTitle><presForm><PresFormCd value="005" Sync="TRUE"></PresFormCd></presForm></idCitation><spatRpType><SpatRepTypCd value="002" Sync="TRUE"></SpatRepTypCd></spatRpType><dataExt><geoEle><GeoBndBox esriExtentType="search"><exTypeCode Sync="TRUE">1</exTypeCode><westBL Sync="TRUE">-180.000000</westBL><eastBL Sync="TRUE">180.000000</eastBL><northBL Sync="TRUE">90.000000</northBL><southBL Sync="TRUE">-90.000000</southBL></GeoBndBox></geoEle></dataExt></dataIdInfo><mdLang><languageCode value="eng" Sync="TRUE"></languageCode><countryCode value="USA" Sync="TRUE"></countryCode></mdLang><mdChar><CharSetCd value="004" Sync="TRUE"></CharSetCd></mdChar><distInfo><distFormat><formatName Sync="TRUE">Raster Dataset</formatName></distFormat></distInfo><mdHrLv><ScopeCd value="005" Sync="TRUE"></ScopeCd></mdHrLv><mdHrLvName Sync="TRUE">dataset</mdHrLvName><refSysInfo><RefSystem><refSysID><identCode code="4326" Sync="TRUE"></identCode><idCodeSpace Sync="TRUE">EPSG</idCodeSpace><idVersion Sync="TRUE">7.4.1</idVersion></refSysID></RefSystem></refSysInfo><spatRepInfo><Georect><cellGeo><CellGeoCd Sync="TRUE" value="002"></CellGeoCd></cellGeo><numDims Sync="TRUE">2</numDims><tranParaAv Sync="TRUE">1</tranParaAv><chkPtAv Sync="TRUE">0</chkPtAv><cornerPts><pos Sync="TRUE">-180.000000 -90.000000</pos></cornerPts><cornerPts><pos Sync="TRUE">-180.000000 90.000000</pos></cornerPts><cornerPts><pos Sync="TRUE">180.000000 90.000000</pos></cornerPts><cornerPts><pos Sync="TRUE">180.000000 -90.000000</pos></cornerPts><centerPt><pos Sync="TRUE">-0.000000 -0.000000</pos></centerPt><axisDimension type="002"><dimSize Sync="TRUE">1080</dimSize><dimResol><value Sync="TRUE" uom="Degree">0.333333</value></dimResol></axisDimension><axisDimension type="001"><dimSize Sync="TRUE">540</dimSize><dimResol><value Sync="TRUE" uom="Degree">0.333333</value></dimResol></axisDimension><ptInPixel><PixOrientCd Sync="TRUE" value="001"></PixOrientCd></ptInPixel></Georect></spatRepInfo><eainfo><detailed Name="bathymetry2.img.vat"><enttyp><enttypl Sync="TRUE">bathymetry2.img.vat</enttypl><enttypt Sync="TRUE">Table</enttypt><enttypc Sync="TRUE">9883</enttypc></enttyp><attr><attrlabl Sync="TRUE">OID</attrlabl><attalias Sync="TRUE">OID</attalias><attrtype Sync="TRUE">OID</attrtype><attwidth Sync="TRUE">4</attwidth><atprecis Sync="TRUE">0</atprecis><attscale Sync="TRUE">0</attscale><attrdef Sync="TRUE">Internal feature number.</attrdef><attrdefs Sync="TRUE">ESRI</attrdefs><attrdomv><udom Sync="TRUE">Sequential unique whole numbers that are automatically generated.</udom></attrdomv></attr><attr><attrlabl Sync="TRUE">Value</attrlabl><attalias Sync="TRUE">Value</attalias><attrtype Sync="TRUE">Integer</attrtype><attwidth Sync="TRUE">9</attwidth><atprecis Sync="TRUE">9</atprecis><attscale Sync="TRUE">0</attscale></attr><attr><attrlabl Sync="TRUE">Count</attrlabl><attalias Sync="TRUE">Count</attalias><attrtype Sync="TRUE">Double</attrtype><attwidth Sync="TRUE">19</attwidth><atprecis Sync="TRUE">0</atprecis><attscale Sync="TRUE">0</attscale></attr></detailed></eainfo><contInfo><ImgDesc><contentTyp><ContentTypCd Sync="TRUE" value="001"></ContentTypCd></contentTyp><covDim><Band><dimDescrp Sync="TRUE">Layer_1</dimDescrp><bitsPerVal Sync="TRUE">32</bitsPerVal><valUnit><UOM type="length"><unitSymbol Sync="TRUE">Degree</unitSymbol></UOM></valUnit></Band></covDim></ImgDesc></contInfo><mdDateSt Sync="TRUE">20121019</mdDateSt></metadata>
