<?xml version="1.0" encoding="UTF-8"?>
<metadata xml:lang="en"><Esri><CreaDate>20121022</CreaDate><CreaTime>15072900</CreaTime><ArcGISFormat>1.0</ArcGISFormat><ArcGISstyle>FGDC CSDGM Metadata</ArcGISstyle><SyncOnce>TRUE</SyncOnce><DataProperties><lineage><Process ToolSource="c:\program files (x86)\arcgis\desktop10.0\ArcToolbox\Toolboxes\Data Management Tools.tbx\CreateFishnet" Date="20121022" Time="142751">CreateFishnet D:\login_name\Day13\Elevation\Grid_zone.shp "-180 -90" "-180 -80" 0 0 18 1 "180 89.9999999999998" NO_LABELS land_water.img POLYGON</Process></lineage></DataProperties></Esri></metadata>
