<PAMDataset>
  <Metadata domain="xml:gml.root-instance" format="xml">
    <gml:FeatureCollection xmlns:gml="http://www.opengis.net/gml" xmlns:xsi="http://www.w3.org/2001/XMLSchema-instance" xsi:schemaLocation="http://www.opengeospatial.net/gml http://schemas.opengis.net/gml/3.1.1/profiles/gmlJP2Profile/1.0.0/gmlJP2Profile.xsd">
      <gml:boundedBy>
        <gml:Null>withheld</gml:Null>
      </gml:boundedBy>
      <gml:featureMember>
        <gml:FeatureCollection>
          <gml:featureMember>
            <gml:RectifiedGridCoverage dimension="2" gml:id="RGC0001">
              <gml:rectifiedGridDomain>
                <gml:RectifiedGrid dimension="2">
                  <gml:limits>
                    <gml:GridEnvelope>
                      <gml:low>0 0</gml:low>
                      <gml:high>7499 5999</gml:high>
                    </gml:GridEnvelope>
                  </gml:limits>
                  <gml:axisName>x</gml:axisName>
                  <gml:axisName>y</gml:axisName>
                  <gml:origin>
                    <gml:Point gml:id="P0001" srsName="gmljp2://xml/CRSDictionary.gml#ogrcrs1">
                      <gml:pos>446867.547211427 4935499.09069271</gml:pos>
                    </gml:Point>
                  </gml:origin>
                  <gml:offsetVector srsName="gmljp2://xml/CRSDictionary.gml#ogrcrs1">0.295684000000001 0</gml:offsetVector>
                  <gml:offsetVector srsName="gmljp2://xml/CRSDictionary.gml#ogrcrs1">0 -0.295684000000047</gml:offsetVector>
                </gml:RectifiedGrid>
              </gml:rectifiedGridDomain>
              <gml:rangeSet>
                <gml:File>
                  <gml:fileName>gmljp2://codestream/0</gml:fileName>
                  <gml:fileStructure>Record Interleaved</gml:fileStructure>
                </gml:File>
              </gml:rangeSet>
            </gml:RectifiedGridCoverage>
          </gml:featureMember>
        </gml:FeatureCollection>
      </gml:featureMember>
    </gml:FeatureCollection>
  </Metadata>
  <Metadata domain="xml:CRSDictionary.gml" format="xml">
    <gml:Dictionary gml:id="CRSU1" xmlns:gml="http://www.opengis.net/gml" xmlns:xlink="http://www.w3.org/1999/xlink" xmlns:xsi="http://www.w3.org/2001/XMLSchema-instance">
      <gml:dictionaryEntry>
        <gml:ProjectedCRS gml:id="ogrcrs25">
          <gml:srsName>NAD_1983_UTM_Zone_19N</gml:srsName>
          <gml:baseCRS>
            <gml:GeographicCRS gml:id="ogrcrs26">
              <gml:srsName>GCS_North_American_1983</gml:srsName>
              <gml:usesEllipsoidalCS>
                <gml:EllipsoidalCS gml:id="ogrcrs27">
                  <gml:csName>ellipsoidal</gml:csName>
                  <gml:csID>
                    <gml:name gml:codeSpace="urn:ogc:def:cs:EPSG::">6402</gml:name>
                  </gml:csID>
                  <gml:usesAxis>
                    <gml:CoordinateSystemAxis gml:id="ogrcrs28" gml:uom="urn:ogc:def:uom:EPSG::9102">
                      <gml:name>Geodetic latitude</gml:name>
                      <gml:axisID>
                        <gml:name gml:codeSpace="urn:ogc:def:axis:EPSG::">9901</gml:name>
                      </gml:axisID>
                      <gml:axisAbbrev>Lat</gml:axisAbbrev>
                      <gml:axisDirection>north</gml:axisDirection>
                    </gml:CoordinateSystemAxis>
                  </gml:usesAxis>
                  <gml:usesAxis>
                    <gml:CoordinateSystemAxis gml:id="ogrcrs29" gml:uom="urn:ogc:def:uom:EPSG::9102">
                      <gml:name>Geodetic longitude</gml:name>
                      <gml:axisID>
                        <gml:name gml:codeSpace="urn:ogc:def:axis:EPSG::">9902</gml:name>
                      </gml:axisID>
                      <gml:axisAbbrev>Lon</gml:axisAbbrev>
                      <gml:axisDirection>east</gml:axisDirection>
                    </gml:CoordinateSystemAxis>
                  </gml:usesAxis>
                </gml:EllipsoidalCS>
              </gml:usesEllipsoidalCS>
              <gml:usesGeodeticDatum>
                <gml:GeodeticDatum gml:id="ogrcrs30">
                  <gml:datumName>North_American_Datum_1983</gml:datumName>
                  <gml:usesPrimeMeridian>
                    <gml:PrimeMeridian gml:id="ogrcrs31">
                      <gml:meridianName>Greenwich</gml:meridianName>
                      <gml:greenwichLongitude>
                        <gml:angle gml:uom="urn:ogc:def:uom:EPSG::9102">0</gml:angle>
                      </gml:greenwichLongitude>
                    </gml:PrimeMeridian>
                  </gml:usesPrimeMeridian>
                  <gml:usesEllipsoid>
                    <gml:Ellipsoid gml:id="ogrcrs32">
                      <gml:ellipsoidName>GRS_1980</gml:ellipsoidName>
                      <gml:semiMajorAxis gml:uom="urn:ogc:def:uom:EPSG::9001">6378137.0</gml:semiMajorAxis>
                      <gml:secondDefiningParameter>
                        <gml:inverseFlattening gml:uom="urn:ogc:def:uom:EPSG::9201">298.257222101</gml:inverseFlattening>
                      </gml:secondDefiningParameter>
                    </gml:Ellipsoid>
                  </gml:usesEllipsoid>
                </gml:GeodeticDatum>
              </gml:usesGeodeticDatum>
            </gml:GeographicCRS>
          </gml:baseCRS>
          <gml:definedByConversion>
            <gml:Conversion gml:id="ogrcrs33">
              <gml:usesMethod xlink:href="urn:ogc:def:method:EPSG::9807"/>
              <gml:usesParameterValue>
                <gml:value gml:uom="urn:ogc:def:uom:EPSG::9102">0</gml:value>
                <gml:valueOfParameter xlink:href="urn:ogc:def:parameter:EPSG::8801"/>
              </gml:usesParameterValue>
              <gml:usesParameterValue>
                <gml:value gml:uom="urn:ogc:def:uom:EPSG::9102">-69</gml:value>
                <gml:valueOfParameter xlink:href="urn:ogc:def:parameter:EPSG::8802"/>
              </gml:usesParameterValue>
              <gml:usesParameterValue>
                <gml:value gml:uom="urn:ogc:def:uom:EPSG::9001">0.9996</gml:value>
                <gml:valueOfParameter xlink:href="urn:ogc:def:parameter:EPSG::8805"/>
              </gml:usesParameterValue>
              <gml:usesParameterValue>
                <gml:value gml:uom="urn:ogc:def:uom:EPSG::9001">500000</gml:value>
                <gml:valueOfParameter xlink:href="urn:ogc:def:parameter:EPSG::8806"/>
              </gml:usesParameterValue>
              <gml:usesParameterValue>
                <gml:value gml:uom="urn:ogc:def:uom:EPSG::9001">0</gml:value>
                <gml:valueOfParameter xlink:href="urn:ogc:def:parameter:EPSG::8807"/>
              </gml:usesParameterValue>
            </gml:Conversion>
          </gml:definedByConversion>
          <gml:usesCartesianCS>
            <gml:CartesianCS gml:id="ogrcrs34">
              <gml:csName>Cartesian</gml:csName>
              <gml:csID>
                <gml:name gml:codeSpace="urn:ogc:def:cs:EPSG::">4400</gml:name>
              </gml:csID>
              <gml:usesAxis>
                <gml:CoordinateSystemAxis gml:id="ogrcrs35" gml:uom="urn:ogc:def:uom:EPSG::9001">
                  <gml:name>Easting</gml:name>
                  <gml:axisID>
                    <gml:name gml:codeSpace="urn:ogc:def:axis:EPSG::">9906</gml:name>
                  </gml:axisID>
                  <gml:axisAbbrev>E</gml:axisAbbrev>
                  <gml:axisDirection>east</gml:axisDirection>
                </gml:CoordinateSystemAxis>
              </gml:usesAxis>
              <gml:usesAxis>
                <gml:CoordinateSystemAxis gml:id="ogrcrs36" gml:uom="urn:ogc:def:uom:EPSG::9001">
                  <gml:name>Northing</gml:name>
                  <gml:axisID>
                    <gml:name gml:codeSpace="urn:ogc:def:axis:EPSG::">9907</gml:name>
                  </gml:axisID>
                  <gml:axisAbbrev>N</gml:axisAbbrev>
                  <gml:axisDirection>north</gml:axisDirection>
                </gml:CoordinateSystemAxis>
              </gml:usesAxis>
            </gml:CartesianCS>
          </gml:usesCartesianCS>
        </gml:ProjectedCRS>
      </gml:dictionaryEntry>
    </gml:Dictionary>
  </Metadata>
  <Metadata domain="ESRI">
    <MDI key="PyramidResamplingType">NEAREST</MDI>
  </Metadata>
  <PAMRasterBand band="1">
    <NoDataValue>2.56000000000000E+002</NoDataValue>
    <Histograms>
      <HistItem>
        <HistMin>-0.5</HistMin>
        <HistMax>255.5</HistMax>
        <BucketCount>256</BucketCount>
        <IncludeOutOfRange>1</IncludeOutOfRange>
        <Approximate>0</Approximate>
        <HistCounts>221412|14340|1319|2475|2211|2934|4414|6059|8760|11999|16736|21799|28506|36714|46261|56907|69936|84650|101552|120221|142002|166501|192961|219013|247645|275611|303048|328938|356474|381047|403454|423883|443147|462924|481979|522354|539276|545346|520563|506351|500076|498045|495437|495657|501299|502724|510177|516637|523885|531682|539264|547901|555432|562625|573307|591952|609533|618183|613797|602090|593689|585218|578915|568033|557958|546570|537440|523867|514029|500955|488292|475385|463734|449482|435236|420884|406074|392366|382588|369459|357494|346036|335276|325774|315575|305059|294326|286658|276470|268454|259695|252877|245280|238992|232081|227509|221724|216226|210760|205194|201473|197234|193725|190135|185516|180579|176842|172659|167325|163888|159630|153607|148722|143971|139945|136082|131016|127328|123170|119901|116723|113212|109779|107426|105720|104048|101397|99539|99117|97389|97608|98625|98413|97518|98223|98037|96520|93391|88725|84794|82474|81373|81150|81105|81746|82364|83178|85364|88001|90641|94045|97054|99754|101804|105344|106518|108112|108736|111018|111428|110254|110081|110962|112105|113124|113429|115394|114543|114537|113099|111701|108331|106564|102045|96072|90881|85793|80639|75628|69756|66173|61639|58302|55189|52290|49071|46639|44334|42179|39253|37952|35650|34028|32469|30739|28319|26468|25801|23812|21930|20119|18441|17102|15949|14696|13893|13510|12995|12225|12194|11643|11073|10556|10288|10101|9851|9157|9011|9039|9068|9313|9335|9434|8973|8625|8305|7609|7228|6982|6593|6471|6237|6303|6187|6050|5950|5994|5929|6134|6195|6217|6317|6409|6430|6515|6499|6809|6976|7956|8890|10174|11915|13760|13964|18419|77597</HistCounts>
      </HistItem>
    </Histograms>
    <Metadata domain="IMAGE_STRUCTURE">
      <MDI key="COMPRESSION">JP2000</MDI>
    </Metadata>
    <Metadata>
      <MDI key="STATISTICS_MINIMUM">0</MDI>
      <MDI key="STATISTICS_MAXIMUM">255</MDI>
      <MDI key="STATISTICS_MEAN">77.093927933333</MDI>
      <MDI key="STATISTICS_STDDEV">44.755564394339</MDI>
    </Metadata>
  </PAMRasterBand>
  <PAMRasterBand band="2">
    <NoDataValue>2.56000000000000E+002</NoDataValue>
    <Histograms>
      <HistItem>
        <HistMin>-0.5</HistMin>
        <HistMax>255.5</HistMax>
        <BucketCount>256</BucketCount>
        <IncludeOutOfRange>1</IncludeOutOfRange>
        <Approximate>0</Approximate>
        <HistCounts>201780|21264|8143|4692|1597|619|173|129|203|366|591|1029|1696|2565|3857|5696|8405|12394|17260|23647|31122|39861|51760|62572|74593|87667|102789|118805|137844|160732|193456|234591|268490|297819|339455|322118|318353|317600|321868|333222|343206|355694|367047|375583|383796|391689|398617|403513|407933|412861|416329|421499|425981|429545|435085|442025|445268|450845|456608|463006|470610|476826|484068|491303|500199|510511|526868|553706|575419|575871|562065|551285|545689|545447|543478|542732|541334|539503|536523|532113|526462|519378|512915|505013|497239|489055|483808|477044|473040|467757|464772|460278|457562|456209|454214|453636|455114|452808|451129|444462|436126|423490|406074|388021|371788|353463|335557|318523|301675|284722|270081|255297|239563|224973|210719|197601|183782|173737|163795|155039|146160|138405|130521|123704|117556|111630|106354|101991|97717|93861|89923|86983|84697|82521|81403|80587|81284|81783|84501|86478|88760|93767|97268|99628|104011|104705|106297|106241|106417|107314|106842|106824|109939|111490|114005|114519|113245|112496|112096|110827|110009|111062|111402|111341|110982|107503|103367|97384|91782|85944|81191|75810|72208|68293|64352|60981|58266|54988|51426|48160|45300|41824|38440|35557|33071|30709|28829|27286|25354|24061|22485|20780|19865|18485|17288|16495|15542|14720|14068|13534|13602|13456|13373|11940|10757|10711|9582|8953|8846|8854|8770|9125|9401|9535|9056|8994|8815|8516|8651|8491|7961|7814|7692|7499|7064|6878|6684|6453|6281|6142|5850|5557|5532|5373|5288|5412|5232|5271|5301|5246|5534|5448|5587|5988|5959|6382|6949|7230|7675|8203|8828|9912|10863|11512|13075|83579</HistCounts>
      </HistItem>
    </Histograms>
    <Metadata domain="IMAGE_STRUCTURE">
      <MDI key="COMPRESSION">JP2000</MDI>
    </Metadata>
    <Metadata>
      <MDI key="STATISTICS_MINIMUM">0</MDI>
      <MDI key="STATISTICS_MAXIMUM">255</MDI>
      <MDI key="STATISTICS_MEAN">84.696693288889</MDI>
      <MDI key="STATISTICS_STDDEV">39.527090422518</MDI>
    </Metadata>
  </PAMRasterBand>
  <PAMRasterBand band="3">
    <NoDataValue>2.56000000000000E+002</NoDataValue>
    <Histograms>
      <HistItem>
        <HistMin>-0.5</HistMin>
        <HistMax>255.5</HistMax>
        <BucketCount>256</BucketCount>
        <IncludeOutOfRange>1</IncludeOutOfRange>
        <Approximate>0</Approximate>
        <HistCounts>236946|23861|19983|23923|30352|39485|47897|58242|70905|84229|99923|116650|135520|155375|176728|199236|225188|252640|279713|310280|339280|367688|397680|428289|456535|487768|517711|557039|582914|616213|616976|615060|624172|627393|632646|647539|651184|661078|672111|676960|678104|681070|682044|684494|688706|692229|697480|703072|704253|706595|709231|707248|705565|701399|694308|684062|670509|658778|642008|624396|605871|589138|579166|569802|553087|518259|474964|439043|408228|382398|358075|335087|314090|294018|275340|257965|242334|227296|213523|202612|189902|181484|173324|164605|157391|151378|146335|141301|136598|133575|130240|125532|121061|117455|113495|110803|106500|102536|99327|96412|92515|89569|87006|83750|80526|76800|74688|71826|69379|67401|65730|64327|63557|62608|61236|59895|58717|57713|57480|56019|56041|55528|54367|53951|53119|52469|52535|52056|51998|52472|52206|52650|53168|54212|55357|57093|58533|59952|61384|63032|65418|68320|70844|75144|78984|83739|87638|92843|98335|104633|109681|116109|122045|127350|131574|135351|136675|136692|135563|132415|128076|122661|115583|108613|103683|98042|91375|85432|79830|75063|69438|64358|59749|55172|50985|46390|42397|39057|35860|32960|30092|27664|25593|23522|21736|20550|19484|18571|18084|17326|16425|15332|14461|13655|13030|12373|11935|11380|10941|10965|10779|10702|10966|10872|11173|11706|11727|11273|10570|10290|10093|9614|9142|9586|8945|8685|8580|8396|8015|7545|7587|7570|7276|7342|7391|7268|7562|7488|7894|8548|9476|10244|11368|12651|14182|14670|14897|17984|12019|11703|8391|7545|5713|4108|3319|2665|2282|1780|1403|1157|857|645|578|442|774|66088</HistCounts>
      </HistItem>
    </Histograms>
    <Metadata domain="IMAGE_STRUCTURE">
      <MDI key="COMPRESSION">JP2000</MDI>
    </Metadata>
    <Metadata>
      <MDI key="STATISTICS_MINIMUM">0</MDI>
      <MDI key="STATISTICS_MAXIMUM">255</MDI>
      <MDI key="STATISTICS_MEAN">63.703860844444</MDI>
      <MDI key="STATISTICS_STDDEV">43.18382690233</MDI>
    </Metadata>
  </PAMRasterBand>
</PAMDataset>
