<PAMDataset>
  <PAMRasterBand band="1">
    <Description>Layer_1</Description>
    <Histograms>
      <HistItem>
        <HistMin>36</HistMin>
        <HistMax>234</HistMax>
        <BucketCount>256</BucketCount>
        <IncludeOutOfRange>1</IncludeOutOfRange>
        <Approximate>0</Approximate>
        <HistCounts>1|0|0|0|0|0|1|0|0|0|0|0|0|0|1|0|0|0|0|1|0|2|0|0|4|2|0|3|13|40|171|0|788|2744|9811|0|27097|62191|110552|144826|0|145528|113548|78878|0|53479|40004|30479|23542|0|17909|14038|11016|0|8806|7023|5563|4556|0|3611|3017|2440|0|2013|1667|1470|1194|0|1076|944|855|0|751|670|587|498|0|448|381|312|0|294|277|220|0|204|167|184|170|0|157|119|115|0|80|97|60|66|0|64|62|47|0|41|50|34|44|0|33|27|37|0|32|24|19|19|0|24|19|18|0|10|16|9|9|0|13|16|12|0|6|14|10|5|0|7|10|3|0|9|4|9|8|0|2|8|2|0|6|6|4|4|0|1|0|2|0|6|2|2|3|0|4|0|1|0|4|2|0|0|1|0|1|3|0|1|1|3|0|0|1|2|0|0|0|1|2|0|1|0|0|1|0|1|2|1|0|0|0|0|1|0|1|2|0|0|1|1|0|1|0|0|1|0|0|0|0|0|0|0|0|0|0|0|0|0|1|0|0|1|0|0|0|0|0|0|0|0|0|0|0|0|0|0|0|0|0|0|0|0|0|0|1|0|0|1</HistCounts>
      </HistItem>
    </Histograms>
    <Metadata domain="IMAGE_STRUCTURE">
      <MDI key="COMPRESSION">RLE</MDI>
    </Metadata>
    <Metadata>
      <MDI key="STATISTICS_MINIMUM">36</MDI>
      <MDI key="STATISTICS_MAXIMUM">234</MDI>
      <MDI key="STATISTICS_MEAN">69.408064904897</MDI>
      <MDI key="STATISTICS_MEDIAN">0</MDI>
      <MDI key="STATISTICS_MODE">0</MDI>
      <MDI key="STATISTICS_STDDEV">5.0098300364893</MDI>
      <MDI key="STATISTICS_SKIPFACTORX">1</MDI>
      <MDI key="STATISTICS_SKIPFACTORY">1</MDI>
      <MDI key="STATISTICS_EXCLUDEDVALUES"></MDI>
      <MDI key="LAYER_TYPE">athematic</MDI>
    </Metadata>
  </PAMRasterBand>
  <PAMRasterBand band="2">
    <Description>Layer_2</Description>
    <Histograms>
      <HistItem>
        <HistMin>16</HistMin>
        <HistMax>222</HistMax>
        <BucketCount>256</BucketCount>
        <IncludeOutOfRange>1</IncludeOutOfRange>
        <Approximate>0</Approximate>
        <HistCounts>1|0|0|0|0|0|0|1|0|0|0|0|0|0|1|0|0|0|2|1|0|2|4|8|45|330|0|1830|7033|16988|24413|0|20019|10875|6614|9889|0|24282|56191|98888|126522|0|121322|90564|59890|40486|0|30747|26727|24727|22222|19535|0|17388|14473|11774|9528|0|7789|6177|4947|3935|0|3186|2542|2096|1718|0|1419|1224|988|852|0|732|669|521|500|469|0|363|364|316|271|0|249|251|190|189|0|186|144|138|158|0|128|115|101|84|0|108|96|71|70|55|0|65|50|51|51|0|42|28|43|45|0|35|34|23|33|0|38|26|13|19|0|24|21|18|18|16|0|14|6|10|9|0|8|3|12|9|0|4|10|5|6|0|4|3|4|6|0|2|6|4|2|1|0|4|3|3|3|0|3|1|4|3|0|2|1|0|0|0|0|2|1|1|0|1|2|0|1|0|0|1|1|2|3|0|2|1|2|0|0|0|1|0|1|0|0|1|2|0|0|1|1|0|0|1|0|0|0|1|1|0|1|0|0|0|0|0|1|1|0|0|0|0|0|1|0|0|1|0|0|0|0|0|0|0|0|0|0|0|0|0|0|0|0|1|0|0|0|0|0|0|1|0</HistCounts>
      </HistItem>
    </Histograms>
    <Metadata domain="IMAGE_STRUCTURE">
      <MDI key="COMPRESSION">RLE</MDI>
    </Metadata>
    <Metadata>
      <MDI key="STATISTICS_MINIMUM">16</MDI>
      <MDI key="STATISTICS_MAXIMUM">222</MDI>
      <MDI key="STATISTICS_MEAN">51.123168497192</MDI>
      <MDI key="STATISTICS_MEDIAN">0</MDI>
      <MDI key="STATISTICS_MODE">0</MDI>
      <MDI key="STATISTICS_STDDEV">6.4850347824917</MDI>
      <MDI key="STATISTICS_SKIPFACTORX">1</MDI>
      <MDI key="STATISTICS_SKIPFACTORY">1</MDI>
      <MDI key="STATISTICS_EXCLUDEDVALUES"></MDI>
      <MDI key="LAYER_TYPE">athematic</MDI>
    </Metadata>
  </PAMRasterBand>
  <PAMRasterBand band="3">
    <Description>Layer_3</Description>
    <Histograms>
      <HistItem>
        <HistMin>1</HistMin>
        <HistMax>255</HistMax>
        <BucketCount>256</BucketCount>
        <IncludeOutOfRange>1</IncludeOutOfRange>
        <Approximate>0</Approximate>
        <HistCounts>1|0|0|0|0|0|0|2|0|0|0|0|0|0|0|2|4|3|0|1|9|17|20|106|315|1030|3022|7280|13964|19932|22934|26594|38064|61132|89002|106561|101315|81029|57977|40256|28372|21136|17420|15233|13764|13119|12268|11873|11442|10588|10228|9634|8842|8171|7426|6666|6088|5596|4980|4448|3923|3647|3149|2920|2540|2324|1982|1858|1618|1439|1253|1143|1074|957|838|705|653|582|541|484|391|406|343|287|276|308|235|230|245|199|174|163|158|161|124|122|143|124|101|90|83|95|74|90|90|82|71|68|61|62|60|55|59|49|43|38|33|43|30|33|30|32|30|32|19|20|26|29|24|12|29|15|18|15|16|19|12|8|18|14|11|10|12|5|10|6|10|5|6|7|8|8|2|5|5|4|7|3|4|4|3|3|1|5|1|2|0|1|4|3|0|1|1|2|0|1|2|1|2|5|0|0|1|0|1|2|1|0|0|2|0|2|0|2|2|0|0|1|0|2|0|2|1|1|0|0|0|0|0|0|0|1|0|2|0|0|1|0|0|0|0|1|1|0|1|0|0|0|1|0|0|0|0|1|0|0|1|0|0|0|0|0|0|0|0|1|0|0|0|0|0|0|0|1|0|3</HistCounts>
      </HistItem>
    </Histograms>
    <Metadata domain="IMAGE_STRUCTURE">
      <MDI key="COMPRESSION">RLE</MDI>
    </Metadata>
    <Metadata>
      <MDI key="STATISTICS_MINIMUM">1</MDI>
      <MDI key="STATISTICS_MAXIMUM">255</MDI>
      <MDI key="STATISTICS_MEAN">40.103205143246</MDI>
      <MDI key="STATISTICS_MEDIAN">0</MDI>
      <MDI key="STATISTICS_MODE">0</MDI>
      <MDI key="STATISTICS_STDDEV">9.643377763084</MDI>
      <MDI key="STATISTICS_SKIPFACTORX">1</MDI>
      <MDI key="STATISTICS_SKIPFACTORY">1</MDI>
      <MDI key="STATISTICS_EXCLUDEDVALUES"></MDI>
      <MDI key="LAYER_TYPE">athematic</MDI>
    </Metadata>
  </PAMRasterBand>
  <PAMRasterBand band="4">
    <Description>Layer_4</Description>
    <Histograms>
      <HistItem>
        <HistMin>1</HistMin>
        <HistMax>178</HistMax>
        <BucketCount>256</BucketCount>
        <IncludeOutOfRange>1</IncludeOutOfRange>
        <Approximate>0</Approximate>
        <HistCounts>4|1|8|0|11|27|0|45|97|0|209|386|595|0|1021|3004|0|15596|34125|0|30742|15566|0|5814|2564|1344|0|856|673|0|637|568|0|536|582|0|549|517|546|0|515|517|0|489|526|0|546|538|588|0|655|623|0|615|719|0|798|854|0|879|946|1094|0|1124|1171|0|1389|1592|0|1783|2056|0|2316|2690|3212|0|3692|4384|0|5219|6205|0|7215|8540|0|9968|11623|13557|0|15049|17794|0|19447|22100|0|23883|26241|28317|0|30244|31851|0|32942|33849|0|33933|33863|0|33136|32242|31073|0|29650|27920|0|25956|24314|0|22124|20031|0|17864|15920|14206|0|12076|10652|0|9045|7873|0|6699|5639|4702|0|3788|3174|0|2659|2121|0|1647|1475|0|1193|949|745|0|662|493|0|443|335|0|291|249|0|216|176|166|0|150|105|0|80|69|0|60|68|0|68|32|40|0|36|30|0|32|21|0|29|19|13|0|20|11|0|5|11|0|6|2|0|8|7|5|0|2|1|0|0|4|0|0|1|0|0|1|0|0|0|0|0|0|0|0|0|1|0|0|0|0|0|0|0|0|0|1|0|0|0|0|0|0|0|0|0|0|0|0|0|0|0|0|0|0|1|0|0|0|0|0|0|0|0|1</HistCounts>
      </HistItem>
    </Histograms>
    <Metadata domain="IMAGE_STRUCTURE">
      <MDI key="COMPRESSION">RLE</MDI>
    </Metadata>
    <Metadata>
      <MDI key="STATISTICS_MINIMUM">1</MDI>
      <MDI key="STATISTICS_MAXIMUM">178</MDI>
      <MDI key="STATISTICS_MEAN">66.802364075775</MDI>
      <MDI key="STATISTICS_MEDIAN">0</MDI>
      <MDI key="STATISTICS_MODE">0</MDI>
      <MDI key="STATISTICS_STDDEV">22.063295501584</MDI>
      <MDI key="STATISTICS_SKIPFACTORX">1</MDI>
      <MDI key="STATISTICS_SKIPFACTORY">1</MDI>
      <MDI key="STATISTICS_EXCLUDEDVALUES"></MDI>
      <MDI key="LAYER_TYPE">athematic</MDI>
    </Metadata>
  </PAMRasterBand>
  <PAMRasterBand band="5">
    <Description>Layer_5</Description>
    <Histograms>
      <HistItem>
        <HistMin>1</HistMin>
        <HistMax>255</HistMax>
        <BucketCount>256</BucketCount>
        <IncludeOutOfRange>1</IncludeOutOfRange>
        <Approximate>0</Approximate>
        <HistCounts>74|53|77|168|277|444|786|1374|4744|14201|33585|32173|15529|5777|2068|1046|789|652|647|595|565|516|504|530|541|475|551|507|538|501|538|566|619|665|692|812|883|1067|1242|1521|1942|2518|3196|4188|5124|6398|7796|9451|10885|12781|14657|16695|18323|20553|22796|24266|26271|27061|28491|29302|29384|29523|29099|28471|27221|25750|23845|22014|20552|18374|16888|15115|13650|12266|11368|10287|9364|8487|7757|7239|6859|6188|6041|5697|5517|5216|5144|4860|4890|4741|4570|4561|4421|4366|4210|4153|3956|3905|3850|3609|3518|3328|3212|3159|2921|2870|2585|2491|2339|2217|2101|1996|1792|1670|1540|1418|1431|1177|1140|1013|918|812|757|733|624|568|509|428|374|348|321|265|258|214|193|172|170|130|104|84|87|73|51|52|48|47|34|27|17|14|11|7|12|13|10|13|7|6|10|5|12|3|12|4|6|7|2|4|5|5|1|7|3|2|2|5|1|4|3|2|8|1|2|3|1|1|1|0|1|0|1|2|1|2|1|0|3|6|2|2|0|0|1|1|3|0|2|1|0|2|0|1|2|0|2|0|0|0|0|0|2|2|0|2|1|1|2|1|0|1|0|0|2|0|1|0|0|1|0|1|0|0|0|0|3|2|1|0|0|1|0|1|1|0|0|11</HistCounts>
      </HistItem>
    </Histograms>
    <Metadata domain="IMAGE_STRUCTURE">
      <MDI key="COMPRESSION">RLE</MDI>
    </Metadata>
    <Metadata>
      <MDI key="STATISTICS_MINIMUM">1</MDI>
      <MDI key="STATISTICS_MAXIMUM">255</MDI>
      <MDI key="STATISTICS_MEAN">60.929425416321</MDI>
      <MDI key="STATISTICS_MEDIAN">0</MDI>
      <MDI key="STATISTICS_MODE">0</MDI>
      <MDI key="STATISTICS_STDDEV">24.552096876092</MDI>
      <MDI key="STATISTICS_SKIPFACTORX">1</MDI>
      <MDI key="STATISTICS_SKIPFACTORY">1</MDI>
      <MDI key="STATISTICS_EXCLUDEDVALUES"></MDI>
      <MDI key="LAYER_TYPE">athematic</MDI>
    </Metadata>
  </PAMRasterBand>
  <PAMRasterBand band="6">
    <Description>Layer_6</Description>
    <Histograms>
      <HistItem>
        <HistMin>112</HistMin>
        <HistMax>171</HistMax>
        <BucketCount>256</BucketCount>
        <IncludeOutOfRange>1</IncludeOutOfRange>
        <Approximate>0</Approximate>
        <HistCounts>4|0|0|0|0|0|0|0|0|0|0|0|0|0|0|0|0|4|0|0|0|0|0|0|0|0|0|0|0|0|0|0|0|0|0|0|0|0|0|0|0|0|0|6|0|0|0|4|0|0|0|0|0|0|0|0|2|0|0|0|26|0|0|0|980|0|0|0|0|9868|0|0|0|28808|0|0|0|34150|0|0|0|0|23108|0|0|0|12078|0|0|0|6900|0|0|0|0|5602|0|0|0|7412|0|0|0|20533|0|0|0|0|58210|0|0|0|122001|0|0|0|161670|0|0|0|0|148218|0|0|0|93282|0|0|0|56713|0|0|0|40155|0|0|0|0|31428|0|0|0|24085|0|0|0|18009|0|0|0|0|12716|0|0|0|8119|0|0|0|5001|0|0|0|0|3210|0|0|0|2214|0|0|0|1232|0|0|0|0|698|0|0|0|470|0|0|0|214|0|0|0|0|146|0|0|0|106|0|0|0|54|0|0|0|0|40|0|0|0|48|0|0|0|34|0|0|0|0|14|0|0|0|4|0|0|0|16|0|0|0|0|4|0|0|0|14|0|0|0|0|0|0|0|0|0|0|0|0|0|0|0|0|0|0|0|0|0|8</HistCounts>
      </HistItem>
    </Histograms>
    <Metadata domain="IMAGE_STRUCTURE">
      <MDI key="COMPRESSION">RLE</MDI>
    </Metadata>
    <Metadata>
      <MDI key="STATISTICS_MINIMUM">112</MDI>
      <MDI key="STATISTICS_MAXIMUM">171</MDI>
      <MDI key="STATISTICS_MEAN">139.0434857266</MDI>
      <MDI key="STATISTICS_MEDIAN">0</MDI>
      <MDI key="STATISTICS_MODE">0</MDI>
      <MDI key="STATISTICS_STDDEV">4.3441740849339</MDI>
      <MDI key="STATISTICS_SKIPFACTORX">1</MDI>
      <MDI key="STATISTICS_SKIPFACTORY">1</MDI>
      <MDI key="STATISTICS_EXCLUDEDVALUES"></MDI>
      <MDI key="LAYER_TYPE">athematic</MDI>
    </Metadata>
  </PAMRasterBand>
  <PAMRasterBand band="7">
    <Description>Layer_7</Description>
    <Histograms>
      <HistItem>
        <HistMin>1</HistMin>
        <HistMax>255</HistMax>
        <BucketCount>256</BucketCount>
        <IncludeOutOfRange>1</IncludeOutOfRange>
        <Approximate>0</Approximate>
        <HistCounts>13|9|26|70|223|830|3251|9950|21538|30003|25391|14375|6743|2969|1938|1800|2115|2787|4407|7523|12452|19958|29948|41842|54148|62662|65715|64612|57220|47217|38128|30051|23901|19645|16317|14192|12609|11461|10586|9863|9337|8968|8972|8557|8367|8056|7721|7419|7219|6879|6324|5991|5560|5139|4803|4423|4209|3763|3597|3253|3016|2761|2459|2233|2135|1839|1657|1467|1416|1199|1113|970|905|771|689|607|552|466|425|354|341|312|261|249|229|179|157|132|116|123|92|87|78|73|59|69|62|61|41|37|39|48|33|27|24|32|31|25|25|21|23|18|12|16|13|22|13|15|12|10|14|13|11|9|7|10|11|8|7|6|7|11|2|11|6|7|6|7|10|5|5|5|5|8|4|4|3|5|3|2|9|2|1|2|3|0|2|2|4|1|2|2|2|4|2|1|1|2|0|2|3|1|1|0|2|4|2|1|0|2|0|0|1|1|3|1|0|0|1|2|0|0|3|1|0|2|1|2|0|1|0|0|0|0|1|0|0|0|1|2|1|0|3|0|0|0|1|0|3|0|1|0|0|0|0|0|0|0|1|0|1|1|0|0|0|0|0|0|0|0|0|0|0|0|0|1|1|0|0|1|0|1|1|0|0|10</HistCounts>
      </HistItem>
    </Histograms>
    <Metadata domain="IMAGE_STRUCTURE">
      <MDI key="COMPRESSION">RLE</MDI>
    </Metadata>
    <Metadata>
      <MDI key="STATISTICS_MINIMUM">1</MDI>
      <MDI key="STATISTICS_MAXIMUM">255</MDI>
      <MDI key="STATISTICS_MEAN">30.303429541668</MDI>
      <MDI key="STATISTICS_MEDIAN">0</MDI>
      <MDI key="STATISTICS_MODE">0</MDI>
      <MDI key="STATISTICS_STDDEV">13.284873800869</MDI>
      <MDI key="STATISTICS_SKIPFACTORX">1</MDI>
      <MDI key="STATISTICS_SKIPFACTORY">1</MDI>
      <MDI key="STATISTICS_EXCLUDEDVALUES"></MDI>
      <MDI key="LAYER_TYPE">athematic</MDI>
    </Metadata>
  </PAMRasterBand>
</PAMDataset>
