<?xml version="1.0" encoding="UTF-8"?>
<metadata xml:lang="en"><Esri><CreaDate>20120207</CreaDate><CreaTime>12081700</CreaTime><ArcGISFormat>1.0</ArcGISFormat><SyncOnce>TRUE</SyncOnce><DataProperties><lineage><Process ToolSource="c:\program files (x86)\arcgis\desktop10.0\ArcToolbox\Toolboxes\Spatial Analyst Tools.tbx\ExtractByMask" Date="20120207" Time="120817">ExtractByMask comp1.img landsat_8bit_subset.img D:\tmp\Maine2002\Landsat_2002.img</Process></lineage></DataProperties></Esri></metadata>
