<?xml version="1.0" encoding="UTF-8"?>
<metadata xml:lang="en"><Esri><CreaDate>20120207</CreaDate><CreaTime>12092300</CreaTime><ArcGISFormat>1.0</ArcGISFormat><SyncOnce>TRUE</SyncOnce><DataProperties><lineage><Process ToolSource="c:\program files (x86)\arcgis\desktop10.0\ArcToolbox\Toolboxes\Spatial Analyst Tools.tbx\ExtractByMask" Date="20120207" Time="120923">ExtractByMask pan_all.img landsat_8bit_subset.img D:\tmp\Maine2002\Pan_2002.img</Process></lineage></DataProperties></Esri></metadata>
