<PAMDataset>
  <Metadata domain="ESRI">
    <MDI key="PyramidResamplingType">NEAREST</MDI>
  </Metadata>
  <PAMRasterBand band="1">
    <Description>Layer_1</Description>
    <Histograms>
      <HistItem>
        <HistMin>1</HistMin>
        <HistMax>255</HistMax>
        <BucketCount>256</BucketCount>
        <IncludeOutOfRange>1</IncludeOutOfRange>
        <Approximate>0</Approximate>
        <HistCounts>5|4|6|24|49|108|186|339|690|1253|2126|3754|6537|10628|16840|24273|34117|43108|49724|51613|49548|44381|37470|30382|23019|16941|11959|8823|6789|5478|5043|5079|5268|6187|7517|9476|12129|15524|19813|25685|33089|42263|53445|65689|80497|96850|113353|131021|147297|163534|175637|185951|191237|191152|187592|179839|168628|153610|138096|121261|103868|88483|72969|60622|48532|38595|29939|23232|17765|13398|9939|7611|5468|4097|3057|2290|1650|1255|977|817|580|490|405|284|288|221|161|140|132|98|101|87|62|70|38|34|36|43|36|34|33|39|29|34|23|19|14|18|23|16|19|22|14|11|16|22|16|7|12|10|11|6|11|11|11|10|13|8|6|7|6|6|7|5|5|4|3|6|6|0|5|2|2|1|5|5|2|3|4|0|2|1|2|4|1|2|3|1|2|0|1|1|0|2|1|2|2|1|2|0|1|2|2|1|1|0|0|1|0|2|0|4|1|1|0|0|0|0|1|1|0|0|0|0|1|0|2|0|2|1|1|0|0|1|0|1|0|0|0|1|0|0|0|0|0|0|0|0|0|0|0|0|0|1|0|0|0|1|0|0|0|0|0|0|0|0|0|0|0|0|0|0|0|0|0|0|0|0|0|0|0|0|0|0|0|4</HistCounts>
      </HistItem>
    </Histograms>
    <Metadata domain="IMAGE_STRUCTURE">
      <MDI key="COMPRESSION">RLE</MDI>
    </Metadata>
    <Metadata>
      <MDI key="STATISTICS_MINIMUM">1</MDI>
      <MDI key="STATISTICS_MAXIMUM">255</MDI>
      <MDI key="STATISTICS_MEAN">49.504976706932</MDI>
      <MDI key="STATISTICS_MEDIAN">0</MDI>
      <MDI key="STATISTICS_MODE">0</MDI>
      <MDI key="STATISTICS_STDDEV">13.09815874612</MDI>
      <MDI key="STATISTICS_SKIPFACTORX">1</MDI>
      <MDI key="STATISTICS_SKIPFACTORY">1</MDI>
      <MDI key="STATISTICS_EXCLUDEDVALUES"></MDI>
      <MDI key="LAYER_TYPE">athematic</MDI>
    </Metadata>
  </PAMRasterBand>
</PAMDataset>
