<?xml version="1.0" encoding="UTF-8"?>
<metadata xml:lang="en"><Esri><CreaDate>20120118</CreaDate><CreaTime>13353100</CreaTime><ArcGISFormat>1.0</ArcGISFormat><ArcGISstyle>FGDC CSDGM Metadata</ArcGISstyle><SyncOnce>TRUE</SyncOnce><DataProperties><lineage><Process ToolSource="c:\program files (x86)\arcgis\desktop10.0\ArcToolbox\Toolboxes\Conversion Tools.tbx\RasterToPolygon" Date="20120118" Time="133531">RasterToPolygon elev_int D:\mgimond\Day10\MapAlgebra\elev_int.shp NO_SIMPLIFY Value</Process></lineage></DataProperties></Esri></metadata>
