<?xml version="1.0"?>
<!--<!DOCTYPE metadata SYSTEM "http://www.esri.com/metadata/esriprof80.dtd">-->
<metadata xml:lang="en"><Esri><MetaID>{364C3FE3-D55E-476B-A41A-159CCE5C2F72}</MetaID><CreaDate>20070725</CreaDate><CreaTime>12592800</CreaTime><SyncOnce>FALSE</SyncOnce><SyncDate>20081208</SyncDate><SyncTime>12001700</SyncTime><ModDate>20081208</ModDate><ModTime>12001700</ModTime><DataProperties><lineage><Process Name="FeatureClassToFeatureClass_1" ToolSource="C:\Program Files\ArcGIS\ArcToolbox\Toolboxes\Conversion Tools.tbx\FeatureClassToFeatureClass" Date="20070725" Time="142516">FeatureClassToFeatureClass "D:\socio\colby % good.shp" D:\ME\me.gdb\boundaries Waterville_property # "PARCEL_ID PARCEL_ID true false false 30 Text 0 0 ,First,#,D:\socio\colby % good.shp,PARCEL_ID,-1,-1;ACAD_LAYER ACAD_LAYER true false false 30 Text 0 0 ,First,#,D:\socio\colby % good.shp,ACAD_LAYER,-1,-1;AREA_SF AREA_SF true false false 13 Double 0 13 ,First,#,D:\socio\colby % good.shp,AREA_SF,-1,-1;AREA_AC AREA_AC true false false 16 Double 3 15 ,First,#,D:\socio\colby % good.shp,AREA_AC,-1,-1;OWNER_S_NA OWNER_S_NA true false false 42 Text 0 0 ,First,#,D:\socio\colby % good.shp,OWNER_S_NA,-1,-1;MAILING_AD MAILING_AD true false false 32 Text 0 0 ,First,#,D:\socio\colby % good.shp,MAILING_AD,-1,-1;CITY CITY true false false 19 Text 0 0 ,First,#,D:\socio\colby % good.shp,CITY,-1,-1;STATE STATE true false false 4 Text 0 0 ,First,#,D:\socio\colby % good.shp,STATE,-1,-1;ZIP ZIP true false false 13 Text 0 0 ,First,#,D:\socio\colby % good.shp,ZIP,-1,-1;BOOK_PAGE BOOK_PAGE true false false 14 Text 0 0 ,First,#,D:\socio\colby % good.shp,BOOK_PAGE,-1,-1;Q_U Q_U true false false 3 Text 0 0 ,First,#,D:\socio\colby % good.shp,Q_U,-1,-1;I_V I_V true false false 3 Text 0 0 ,First,#,D:\socio\colby % good.shp,I_V,-1,-1;SALE_DATE SALE_DATE true false false 10 Text 0 0 ,First,#,D:\socio\colby % good.shp,SALE_DATE,-1,-1;PRICE PRICE true false false 7 Long 0 7 ,First,#,D:\socio\colby % good.shp,PRICE,-1,-1;LOCN LOCN true false false 7 Text 0 0 ,First,#,D:\socio\colby % good.shp,LOCN,-1,-1;TA_LAND_VA TA_LAND_VA true false false 7 Long 0 7 ,First,#,D:\socio\colby % good.shp,TA_LAND_VA,-1,-1;TA_IMPROVE TA_IMPROVE true false false 8 Long 0 8 ,First,#,D:\socio\colby % good.shp,TA_IMPROVE,-1,-1;TOTAL_ASSE TOTAL_ASSE true false false 8 Long 0 8 ,First,#,D:\socio\colby % good.shp,TOTAL_ASSE,-1,-1;STYLE STYLE true false false 4 Text 0 0 ,First,#,D:\socio\colby % good.shp,STYLE,-1,-1;STYLE_DESC STYLE_DESC true false false 16 Text 0 0 ,First,#,D:\socio\colby % good.shp,STYLE_DESC,-1,-1;LIVING_ARE LIVING_ARE true false false 6 Long 0 6 ,First,#,D:\socio\colby % good.shp,LIVING_ARE,-1,-1;Z_GOOD Z_GOOD true false false 3 Short 0 3 ,First,#,D:\socio\colby % good.shp,Z_GOOD,-1,-1;PARCEL_ID PARCEL_ID true false false 30 Text 0 0 ,First,#,D:\socio\colby % good.shp,PARCEL_ID,-1,-1;ACAD_LAYER ACAD_LAYER true false false 30 Text 0 0 ,First,#,D:\socio\colby % good.shp,ACAD_LAYER,-1,-1;AREA_SF AREA_SF true false false 13 Double 0 13 ,First,#,D:\socio\colby % good.shp,AREA_SF,-1,-1;AREA_AC AREA_AC true false false 16 Double 3 15 ,First,#,D:\socio\colby % good.shp,AREA_AC,-1,-1;OWNER_S_NA OWNER_S_NA true false false 42 Text 0 0 ,First,#,D:\socio\colby % good.shp,OWNER_S_NA,-1,-1;MAILING_AD MAILING_AD true false false 32 Text 0 0 ,First,#,D:\socio\colby % good.shp,MAILING_AD,-1,-1;CITY CITY true false false 19 Text 0 0 ,First,#,D:\socio\colby % good.shp,CITY,-1,-1;STATE STATE true false false 4 Text 0 0 ,First,#,D:\socio\colby % good.shp,STATE,-1,-1;ZIP ZIP true false false 13 Text 0 0 ,First,#,D:\socio\colby % good.shp,ZIP,-1,-1;BOOK_PAGE BOOK_PAGE true false false 14 Text 0 0 ,First,#,D:\socio\colby % good.shp,BOOK_PAGE,-1,-1;Q_U Q_U true false false 3 Text 0 0 ,First,#,D:\socio\colby % good.shp,Q_U,-1,-1;I_V I_V true false false 3 Text 0 0 ,First,#,D:\socio\colby % good.shp,I_V,-1,-1;SALE_DATE SALE_DATE true false false 10 Text 0 0 ,First,#,D:\socio\colby % good.shp,SALE_DATE,-1,-1;PRICE PRICE true false false 7 Long 0 7 ,First,#,D:\socio\colby % good.shp,PRICE,-1,-1;LOCN LOCN true false false 7 Text 0 0 ,First,#,D:\socio\colby % good.shp,LOCN,-1,-1;TA_LAND_VA TA_LAND_VA true false false 7 Long 0 7 ,First,#,D:\socio\colby % good.shp,TA_LAND_VA,-1,-1;TA_IMPROVE TA_IMPROVE true false false 8 Long 0 8 ,First,#,D:\socio\colby % good.shp,TA_IMPROVE,-1,-1;TOTAL_ASSE TOTAL_ASSE true false false 8 Long 0 8 ,First,#,D:\socio\colby % good.shp,TOTAL_ASSE,-1,-1;STYLE STYLE true false false 4 Text 0 0 ,First,#,D:\socio\colby % good.shp,STYLE,-1,-1;STYLE_DESC STYLE_DESC true false false 16 Text 0 0 ,First,#,D:\socio\colby % good.shp,STYLE_DESC,-1,-1;LIVING_ARE LIVING_ARE true false false 6 Long 0 6 ,First,#,D:\socio\colby % good.shp,LIVING_ARE,-1,-1;Z_GOOD Z_GOOD true false false 3 Short 0 3 ,First,#,D:\socio\colby % good.shp,Z_GOOD,-1,-1" # D:\ME\me.gdb\boundaries\Waterville_property</Process><Process ToolSource="C:\Program Files\ArcGIS\ArcToolbox\Toolboxes\Data Management Tools.tbx\Dissolve" Date="20081208" Time="120018">Dissolve Waterville_property "C:\Documents and Settings\mgimond\My Documents\GIS_lab\jan-plan\2008\Exercise3\find_potential_sites_for_a_youth_center_files\Waterville_parcels.shp" STYLE_DESC "Shape_Area SUM" SINGLE_PART DISSOLVE_LINES</Process></lineage></DataProperties></Esri><idinfo><native Sync="TRUE">Microsoft Windows XP Version 5.1 (Build 2600) Service Pack 3; ESRI ArcCatalog 9.3.1.1850</native><descript><langdata Sync="TRUE">en</langdata><abstract>REQUIRED: A brief narrative summary of the data set.</abstract><purpose>REQUIRED: A summary of the intentions with which the data set was developed.</purpose></descript><citation><citeinfo><origin>REQUIRED: The name of an organization or individual that developed the data set.</origin><pubdate>REQUIRED: The date when the data set is published or otherwise made available for release.</pubdate><title Sync="TRUE">Waterville_parcels</title><ftname Sync="TRUE">Waterville_parcels</ftname><geoform Sync="TRUE">vector digital data</geoform><onlink Sync="TRUE">\\DP490-016461\mg_doc\GIS_lab\jan-plan\2008\Exercise3\find_potential_sites_for_a_youth_center_files\Waterville_parcels.shp</onlink></citeinfo></citation><timeperd><current>REQUIRED: The basis on which the time period of content information is determined.</current><timeinfo><sngdate><caldate>REQUIRED: The year (and optionally month, or month and day) for which the data set corresponds to the ground.</caldate></sngdate></timeinfo></timeperd><status><progress>REQUIRED: The state of the data set.</progress><update>REQUIRED: The frequency with which changes and additions are made to the data set after the initial data set is completed.</update></status><spdom><bounding><westbc Sync="TRUE">-69.725413</westbc><eastbc Sync="TRUE">-69.606545</eastbc><northbc Sync="TRUE">44.586558</northbc><southbc Sync="TRUE">44.500247</southbc></bounding><lboundng><leftbc Sync="TRUE">442416.001984</leftbc><rightbc Sync="TRUE">451781.761124</rightbc><bottombc Sync="TRUE">4927691.739941</bottombc><topbc Sync="TRUE">4937203.284277</topbc></lboundng></spdom><keywords><theme><themekt>REQUIRED: Reference to a formally registered thesaurus or a similar authoritative source of theme keywords.</themekt><themekey>REQUIRED: Common-use word or phrase used to describe the subject of the data set.</themekey></theme></keywords><accconst>REQUIRED: Restrictions and legal prerequisites for accessing the data set.</accconst><useconst>REQUIRED: Restrictions and legal prerequisites for using the data set after access is granted.</useconst><natvform Sync="TRUE">Shapefile</natvform></idinfo><dataIdInfo><envirDesc Sync="TRUE">Microsoft Windows XP Version 5.1 (Build 2600) Service Pack 3; ESRI ArcCatalog 9.3.1.1850</envirDesc><dataLang><languageCode Sync="TRUE" value="en"></languageCode></dataLang><idCitation><resTitle Sync="TRUE">Waterville_parcels</resTitle><presForm><PresFormCd Sync="TRUE" value="005"></PresFormCd></presForm></idCitation><spatRpType><SpatRepTypCd Sync="TRUE" value="001"></SpatRepTypCd></spatRpType><dataExt><geoEle><GeoBndBox esriExtentType="native"><westBL Sync="TRUE">442416.001984</westBL><eastBL Sync="TRUE">451781.761124</eastBL><northBL Sync="TRUE">4937203.284277</northBL><southBL Sync="TRUE">4927691.739941</southBL><exTypeCode Sync="TRUE">1</exTypeCode></GeoBndBox></geoEle></dataExt><geoBox esriExtentType="decdegrees"><westBL Sync="TRUE">-69.725413</westBL><eastBL Sync="TRUE">-69.606545</eastBL><northBL Sync="TRUE">44.586558</northBL><southBL Sync="TRUE">44.500247</southBL><exTypeCode Sync="TRUE">1</exTypeCode></geoBox></dataIdInfo><metainfo><langmeta Sync="TRUE">en</langmeta><metstdn Sync="TRUE">FGDC Content Standards for Digital Geospatial Metadata</metstdn><metstdv Sync="TRUE">FGDC-STD-001-1998</metstdv><mettc Sync="TRUE">local time</mettc><metc><cntinfo><cntorgp><cntper>REQUIRED: The person responsible for the metadata information.</cntper><cntorg>REQUIRED: The organization responsible for the metadata information.</cntorg></cntorgp><cntaddr><addrtype>REQUIRED: The mailing and/or physical address for the organization or individual.</addrtype><city>REQUIRED: The city of the address.</city><state>REQUIRED: The state or province of the address.</state><postal>REQUIRED: The ZIP or other postal code of the address.</postal></cntaddr><cntvoice>REQUIRED: The telephone number by which individuals can speak to the organization or individual.</cntvoice></cntinfo></metc><metd Sync="TRUE">20081208</metd><metextns><onlink Sync="TRUE">http://www.esri.com/metadata/esriprof80.html</onlink><metprof Sync="TRUE">ESRI Metadata Profile</metprof></metextns></metainfo><mdLang><languageCode Sync="TRUE" value="en"></languageCode></mdLang><mdStanName Sync="TRUE">ISO 19115 Geographic Information - Metadata</mdStanName><mdStanVer Sync="TRUE">DIS_ESRI1.0</mdStanVer><mdChar><CharSetCd Sync="TRUE" value="004"></CharSetCd></mdChar><mdHrLv><ScopeCd Sync="TRUE" value="005"></ScopeCd></mdHrLv><mdHrLvName Sync="TRUE">dataset</mdHrLvName><distinfo><resdesc Sync="TRUE">Downloadable Data</resdesc><stdorder><digform><digtinfo><transize Sync="TRUE">0.000</transize><dssize Sync="TRUE">0.000</dssize></digtinfo></digform></stdorder></distinfo><distInfo><distributor><distorTran><onLineSrc><orDesc Sync="TRUE">002</orDesc><linkage Sync="TRUE">file://\\DP490-016461\mg_doc\GIS_lab\jan-plan\2008\Exercise3\find_potential_sites_for_a_youth_center_files\Waterville_parcels.shp</linkage><protocol Sync="TRUE">Local Area Network</protocol></onLineSrc><transSize Sync="TRUE">0.000</transSize></distorTran><distorFormat><formatName Sync="TRUE">Shapefile</formatName></distorFormat></distributor></distInfo><spdoinfo><direct Sync="TRUE">Vector</direct><ptvctinf><esriterm Name="Waterville_parcels"><efeatyp Sync="TRUE">Simple</efeatyp><efeageom Sync="TRUE">Polygon</efeageom><esritopo Sync="TRUE">FALSE</esritopo><efeacnt Sync="TRUE">0</efeacnt><spindex Sync="TRUE">FALSE</spindex><linrefer Sync="TRUE">FALSE</linrefer></esriterm><sdtsterm Name="Waterville_parcels"><sdtstype Sync="TRUE">G-polygon</sdtstype><ptvctcnt Sync="TRUE">0</ptvctcnt></sdtsterm></ptvctinf></spdoinfo><spatRepInfo><VectSpatRep><topLvl><TopoLevCd Sync="TRUE" value="001"></TopoLevCd></topLvl><geometObjs Name="Waterville_parcels"><geoObjTyp><GeoObjTypCd Sync="TRUE" value="001"></GeoObjTypCd></geoObjTyp><geoObjCnt Sync="TRUE">0</geoObjCnt></geometObjs></VectSpatRep></spatRepInfo><eainfo><detailed Name="Waterville_parcels"><enttyp><enttypl Sync="TRUE">Waterville_parcels</enttypl><enttypt Sync="TRUE">Feature Class</enttypt><enttypc Sync="TRUE">0</enttypc></enttyp><attr><attrlabl Sync="TRUE">FID</attrlabl><attalias Sync="TRUE">FID</attalias><attrtype Sync="TRUE">OID</attrtype><attwidth Sync="TRUE">4</attwidth><atprecis Sync="TRUE">0</atprecis><attscale Sync="TRUE">0</attscale><attrdef Sync="TRUE">Internal feature number.</attrdef><attrdefs Sync="TRUE">ESRI</attrdefs><attrdomv><udom Sync="TRUE">Sequential unique whole numbers that are automatically generated.</udom></attrdomv></attr><attr><attrlabl Sync="TRUE">Shape</attrlabl><attalias Sync="TRUE">Shape</attalias><attrtype Sync="TRUE">Geometry</attrtype><attwidth Sync="TRUE">0</attwidth><atprecis Sync="TRUE">0</atprecis><attscale Sync="TRUE">0</attscale><attrdef Sync="TRUE">Feature geometry.</attrdef><attrdefs Sync="TRUE">ESRI</attrdefs><attrdomv><udom Sync="TRUE">Coordinates defining the features.</udom></attrdomv></attr><attr><attrlabl Sync="TRUE">STYLE_DESC</attrlabl><attalias Sync="TRUE">STYLE_DESC</attalias><attrtype Sync="TRUE">String</attrtype><attwidth Sync="TRUE">16</attwidth></attr><attr><attrlabl Sync="TRUE">SUM_Shape_</attrlabl><attalias Sync="TRUE">SUM_Shape_</attalias><attrtype Sync="TRUE">Float</attrtype><attwidth Sync="TRUE">19</attwidth><atnumdec Sync="TRUE">11</atnumdec></attr></detailed></eainfo><mdDateSt Sync="TRUE">20081208</mdDateSt><spref><horizsys><cordsysn><geogcsn Sync="TRUE">GCS_North_American_1983</geogcsn><projcsn Sync="TRUE">NAD_1983_UTM_Zone_19N</projcsn></cordsysn><planar><planci><plance Sync="TRUE">coordinate pair</plance><plandu Sync="TRUE">meters</plandu><coordrep><absres Sync="TRUE">0.000000</absres><ordres Sync="TRUE">0.000000</ordres></coordrep></planci><gridsys><gridsysn Sync="TRUE">Universal Transverse Mercator</gridsysn><utm><utmzone Sync="TRUE">19</utmzone><transmer><sfctrmer Sync="TRUE">0.999600</sfctrmer><longcm Sync="TRUE">-69.000000</longcm><latprjo Sync="TRUE">0.000000</latprjo><feast Sync="TRUE">500000.000000</feast><fnorth Sync="TRUE">0.000000</fnorth></transmer></utm></gridsys></planar><geodetic><horizdn Sync="TRUE">North American Datum of 1983</horizdn><ellips Sync="TRUE">Geodetic Reference System 80</ellips><semiaxis Sync="TRUE">6378137.000000</semiaxis><denflat Sync="TRUE">298.257222</denflat></geodetic></horizsys><vertdef><altsys><altenc Sync="TRUE">Explicit elevation coordinate included with horizontal coordinates</altenc><altres Sync="TRUE">0.000100</altres></altsys></vertdef></spref><refSysInfo><RefSystem><refSysID><identCode Sync="TRUE">NAD_1983_UTM_Zone_19N</identCode></refSysID></RefSystem></refSysInfo></metadata>
