<?xml version="1.0" encoding="UTF-8"?>
<metadata xml:lang="en"><Esri><CreaDate>20110705</CreaDate><CreaTime>16004100</CreaTime><ArcGISFormat>1.0</ArcGISFormat><SyncOnce>TRUE</SyncOnce><DataProperties><lineage><Process ToolSource="C:\Program Files (x86)\ArcGIS\Desktop10.0\ArcToolbox\Toolboxes\Data Management Tools.tbx\CalculateField" Date="20110705" Time="160041">CalculateField "Waterville census" Pop5_17 "[P012004] + [P012005] + [P012006] + [P012028] + [P012029] + [P012030]" VB #</Process><Process ToolSource="C:\Program Files (x86)\ArcGIS\Desktop10.0\ArcToolbox\Toolboxes\Data Management Tools.tbx\CalculateField" Date="20110705" Time="163123">CalculateField "Waterville census" Pop_dens "[Pop5_17] / [Area]" VB #</Process></lineage></DataProperties></Esri></metadata>
