<PAMDataset>
  <Metadata domain="xml:gml.root-instance" format="xml">
    <gml:FeatureCollection xmlns:gml="http://www.opengis.net/gml" xmlns:xsi="http://www.w3.org/2001/XMLSchema-instance" xsi:schemaLocation="http://www.opengeospatial.net/gml http://schemas.opengis.net/gml/3.1.1/profiles/gmlJP2Profile/1.0.0/gmlJP2Profile.xsd">
      <gml:boundedBy>
        <gml:Null>withheld</gml:Null>
      </gml:boundedBy>
      <gml:featureMember>
        <gml:FeatureCollection>
          <gml:featureMember>
            <gml:RectifiedGridCoverage dimension="2" gml:id="RGC0001">
              <gml:rectifiedGridDomain>
                <gml:RectifiedGrid dimension="2">
                  <gml:limits>
                    <gml:GridEnvelope>
                      <gml:low>0 0</gml:low>
                      <gml:high>3632 3782</gml:high>
                    </gml:GridEnvelope>
                  </gml:limits>
                  <gml:axisName>x</gml:axisName>
                  <gml:axisName>y</gml:axisName>
                  <gml:origin>
                    <gml:Point gml:id="P0001" srsName="gmljp2://xml/CRSDictionary.gml#ogrcrs1">
                      <gml:pos>518616.390537604 5007540.15501689</gml:pos>
                    </gml:Point>
                  </gml:origin>
                  <gml:offsetVector srsName="gmljp2://xml/CRSDictionary.gml#ogrcrs1">1 0</gml:offsetVector>
                  <gml:offsetVector srsName="gmljp2://xml/CRSDictionary.gml#ogrcrs1">0 -1</gml:offsetVector>
                </gml:RectifiedGrid>
              </gml:rectifiedGridDomain>
              <gml:rangeSet>
                <gml:File>
                  <gml:fileName>gmljp2://codestream/0</gml:fileName>
                  <gml:fileStructure>Record Interleaved</gml:fileStructure>
                </gml:File>
              </gml:rangeSet>
            </gml:RectifiedGridCoverage>
          </gml:featureMember>
        </gml:FeatureCollection>
      </gml:featureMember>
    </gml:FeatureCollection>
  </Metadata>
  <Metadata domain="xml:CRSDictionary.gml" format="xml">
    <gml:Dictionary gml:id="CRSU1" xmlns:gml="http://www.opengis.net/gml" xmlns:xlink="http://www.w3.org/1999/xlink" xmlns:xsi="http://www.w3.org/2001/XMLSchema-instance">
      <gml:dictionaryEntry>
        <gml:ProjectedCRS gml:id="ogrcrs1">
          <gml:srsName>NAD_1983_UTM_Zone_19N</gml:srsName>
          <gml:baseCRS>
            <gml:GeographicCRS gml:id="ogrcrs2">
              <gml:srsName>GCS_North_American_1983</gml:srsName>
              <gml:usesEllipsoidalCS>
                <gml:EllipsoidalCS gml:id="ogrcrs3">
                  <gml:csName>ellipsoidal</gml:csName>
                  <gml:csID>
                    <gml:name gml:codeSpace="urn:ogc:def:cs:EPSG::">6402</gml:name>
                  </gml:csID>
                  <gml:usesAxis>
                    <gml:CoordinateSystemAxis gml:id="ogrcrs4" gml:uom="urn:ogc:def:uom:EPSG::9102">
                      <gml:name>Geodetic latitude</gml:name>
                      <gml:axisID>
                        <gml:name gml:codeSpace="urn:ogc:def:axis:EPSG::">9901</gml:name>
                      </gml:axisID>
                      <gml:axisAbbrev>Lat</gml:axisAbbrev>
                      <gml:axisDirection>north</gml:axisDirection>
                    </gml:CoordinateSystemAxis>
                  </gml:usesAxis>
                  <gml:usesAxis>
                    <gml:CoordinateSystemAxis gml:id="ogrcrs5" gml:uom="urn:ogc:def:uom:EPSG::9102">
                      <gml:name>Geodetic longitude</gml:name>
                      <gml:axisID>
                        <gml:name gml:codeSpace="urn:ogc:def:axis:EPSG::">9902</gml:name>
                      </gml:axisID>
                      <gml:axisAbbrev>Lon</gml:axisAbbrev>
                      <gml:axisDirection>east</gml:axisDirection>
                    </gml:CoordinateSystemAxis>
                  </gml:usesAxis>
                </gml:EllipsoidalCS>
              </gml:usesEllipsoidalCS>
              <gml:usesGeodeticDatum>
                <gml:GeodeticDatum gml:id="ogrcrs6">
                  <gml:datumName>North_American_Datum_1983</gml:datumName>
                  <gml:usesPrimeMeridian>
                    <gml:PrimeMeridian gml:id="ogrcrs7">
                      <gml:meridianName>Greenwich</gml:meridianName>
                      <gml:greenwichLongitude>
                        <gml:angle gml:uom="urn:ogc:def:uom:EPSG::9102">0</gml:angle>
                      </gml:greenwichLongitude>
                    </gml:PrimeMeridian>
                  </gml:usesPrimeMeridian>
                  <gml:usesEllipsoid>
                    <gml:Ellipsoid gml:id="ogrcrs8">
                      <gml:ellipsoidName>GRS_1980</gml:ellipsoidName>
                      <gml:semiMajorAxis gml:uom="urn:ogc:def:uom:EPSG::9001">6378137.0</gml:semiMajorAxis>
                      <gml:secondDefiningParameter>
                        <gml:inverseFlattening gml:uom="urn:ogc:def:uom:EPSG::9201">298.257222101</gml:inverseFlattening>
                      </gml:secondDefiningParameter>
                    </gml:Ellipsoid>
                  </gml:usesEllipsoid>
                </gml:GeodeticDatum>
              </gml:usesGeodeticDatum>
            </gml:GeographicCRS>
          </gml:baseCRS>
          <gml:definedByConversion>
            <gml:Conversion gml:id="ogrcrs9">
              <gml:usesMethod xlink:href="urn:ogc:def:method:EPSG::9807"/>
              <gml:usesParameterValue>
                <gml:value gml:uom="urn:ogc:def:uom:EPSG::9102">0</gml:value>
                <gml:valueOfParameter xlink:href="urn:ogc:def:parameter:EPSG::8801"/>
              </gml:usesParameterValue>
              <gml:usesParameterValue>
                <gml:value gml:uom="urn:ogc:def:uom:EPSG::9102">-69</gml:value>
                <gml:valueOfParameter xlink:href="urn:ogc:def:parameter:EPSG::8802"/>
              </gml:usesParameterValue>
              <gml:usesParameterValue>
                <gml:value gml:uom="urn:ogc:def:uom:EPSG::9001">0.9996</gml:value>
                <gml:valueOfParameter xlink:href="urn:ogc:def:parameter:EPSG::8805"/>
              </gml:usesParameterValue>
              <gml:usesParameterValue>
                <gml:value gml:uom="urn:ogc:def:uom:EPSG::9001">500000</gml:value>
                <gml:valueOfParameter xlink:href="urn:ogc:def:parameter:EPSG::8806"/>
              </gml:usesParameterValue>
              <gml:usesParameterValue>
                <gml:value gml:uom="urn:ogc:def:uom:EPSG::9001">0</gml:value>
                <gml:valueOfParameter xlink:href="urn:ogc:def:parameter:EPSG::8807"/>
              </gml:usesParameterValue>
            </gml:Conversion>
          </gml:definedByConversion>
          <gml:usesCartesianCS>
            <gml:CartesianCS gml:id="ogrcrs10">
              <gml:csName>Cartesian</gml:csName>
              <gml:csID>
                <gml:name gml:codeSpace="urn:ogc:def:cs:EPSG::">4400</gml:name>
              </gml:csID>
              <gml:usesAxis>
                <gml:CoordinateSystemAxis gml:id="ogrcrs11" gml:uom="urn:ogc:def:uom:EPSG::9001">
                  <gml:name>Easting</gml:name>
                  <gml:axisID>
                    <gml:name gml:codeSpace="urn:ogc:def:axis:EPSG::">9906</gml:name>
                  </gml:axisID>
                  <gml:axisAbbrev>E</gml:axisAbbrev>
                  <gml:axisDirection>east</gml:axisDirection>
                </gml:CoordinateSystemAxis>
              </gml:usesAxis>
              <gml:usesAxis>
                <gml:CoordinateSystemAxis gml:id="ogrcrs12" gml:uom="urn:ogc:def:uom:EPSG::9001">
                  <gml:name>Northing</gml:name>
                  <gml:axisID>
                    <gml:name gml:codeSpace="urn:ogc:def:axis:EPSG::">9907</gml:name>
                  </gml:axisID>
                  <gml:axisAbbrev>N</gml:axisAbbrev>
                  <gml:axisDirection>north</gml:axisDirection>
                </gml:CoordinateSystemAxis>
              </gml:usesAxis>
            </gml:CartesianCS>
          </gml:usesCartesianCS>
        </gml:ProjectedCRS>
      </gml:dictionaryEntry>
    </gml:Dictionary>
  </Metadata>
  <PAMRasterBand band="1">
    <NoDataValue>2.56000000000000E+002</NoDataValue>
    <Histograms>
      <HistItem>
        <HistMin>22</HistMin>
        <HistMax>257</HistMax>
        <BucketCount>256</BucketCount>
        <IncludeOutOfRange>0</IncludeOutOfRange>
        <Approximate>0</Approximate>
        <HistCounts>1|0|0|0|0|1|0|3|5|4|9|14|0|42|76|131|245|459|617|1109|1598|2478|3243|4796|0|5781|7957|9232|11639|12940|15833|17375|20202|21722|24631|26061|0|29533|31482|35522|37595|41126|43363|48199|50857|55174|58499|63537|0|66458|72357|75049|80936|83762|89743|91824|98679|100124|106677|108101|0|114081|115204|121103|122607|129189|130128|135645|135855|141022|141488|146808|146107|0|151528|150824|156979|157184|161240|161390|165602|164244|168746|167344|173101|0|172957|177904|176897|181778|179843|184524|182213|185969|185292|189107|186747|0|190778|188245|190552|186561|188800|184337|186989|184239|184882|180596|180924|0|177076|175173|170686|169556|165559|163003|159068|155883|150612|147465|142226|0|138428|133156|129849|125303|121571|116200|112205|107628|103511|98630|95114|90668|0|86484|82087|79381|74968|71498|68267|64420|60988|58140|54335|51941|0|48702|45773|43132|40224|37950|35912|33255|31127|29126|27185|25222|0|23933|22305|20779|19266|17914|16675|15484|14339|13251|12240|11222|0|10564|9603|8951|8623|7898|7432|6894|6332|6000|5456|5107|0|4898|4579|4364|3976|3824|3512|3382|3209|2950|2829|2686|2626|0|2464|2365|2218|2154|2072|2057|1924|1885|1852|1825|1730|0|1692|1641|1573|1496|1491|1443|1485|1454|1370|1311|1274|0|1317|1308|1348|1253|1357|1322|1434|1460|1584|1539|1365|0|1291|1182|1210|1129|1012|945|831|770|729|606|590|0|537|424|405|321|283|238|210|153|133|247|185|0</HistCounts>
      </HistItem>
    </Histograms>
    <Metadata>
      <MDI key="STATISTICS_MINIMUM">22</MDI>
      <MDI key="STATISTICS_MAXIMUM">257</MDI>
      <MDI key="STATISTICS_MEAN">111.31905880429</MDI>
      <MDI key="STATISTICS_STDDEV">28.599804222559</MDI>
    </Metadata>
  </PAMRasterBand>
  <PAMRasterBand band="2">
    <NoDataValue>2.56000000000000E+002</NoDataValue>
    <Histograms>
      <HistItem>
        <HistMin>46</HistMin>
        <HistMax>255</HistMax>
        <BucketCount>256</BucketCount>
        <IncludeOutOfRange>0</IncludeOutOfRange>
        <Approximate>0</Approximate>
        <HistCounts>1|0|0|1|0|0|1|0|6|13|0|22|45|60|145|253|0|398|632|1074|1514|0|2381|3149|4607|5629|7411|0|8458|10425|11862|14395|0|15439|17955|19701|22237|23506|0|26284|27923|30780|32747|0|36258|38096|42411|44563|48832|0|51665|56696|60282|65072|0|68444|74250|76372|82073|0|84681|91101|92538|98875|100163|0|106741|108271|112646|114892|0|120177|121488|126718|126929|131866|0|131990|137163|137371|142203|0|141669|145571|145378|150953|150332|0|155773|155318|159948|158530|0|163755|161899|166636|167219|171456|0|170296|174691|173961|178023|0|176948|180178|178496|183389|0|181705|184494|183017|186133|182977|0|185124|182162|183458|180890|0|183176|180767|182005|178912|177959|0|174112|172713|169398|167729|0|164644|164727|159640|159018|154112|0|150338|145083|141873|136194|0|133428|129447|126375|121376|117089|0|111872|107235|102014|97563|0|92895|88784|84373|81163|0|76449|73201|68537|65157|60606|0|57121|52994|49334|45115|0|41802|38477|35255|32783|29956|0|27137|24631|22236|20266|0|18286|16239|14500|13112|11583|0|10434|9284|8263|7433|0|6498|5931|5237|4620|4241|0|3755|3382|3031|2725|0|2458|2212|2032|1717|0|1574|1493|1320|1206|1117|0|1059|981|921|890|0|835|732|614|645|650|0|661|663|638|729|0|736|936|1036|1011|902|0|814|771|727|771|0|651|610|488|475|379|0|357|330|328|283|0|204|186|151|144|0</HistCounts>
      </HistItem>
    </Histograms>
    <Metadata>
      <MDI key="STATISTICS_MINIMUM">46</MDI>
      <MDI key="STATISTICS_MAXIMUM">255</MDI>
      <MDI key="STATISTICS_MEAN">134.84583260966</MDI>
      <MDI key="STATISTICS_STDDEV">27.521239281494</MDI>
    </Metadata>
  </PAMRasterBand>
  <PAMRasterBand band="3">
    <NoDataValue>2.56000000000000E+002</NoDataValue>
    <Histograms>
      <HistItem>
        <HistMin>57</HistMin>
        <HistMax>255</HistMax>
        <BucketCount>256</BucketCount>
        <IncludeOutOfRange>0</IncludeOutOfRange>
        <Approximate>0</Approximate>
        <HistCounts>1|4|1|1|0|2|4|3|0|14|11|17|36|0|49|85|144|0|255|375|544|889|0|1254|1888|2617|0|3706|4675|6339|0|7951|10777|12553|16066|0|18380|22357|24980|0|29544|32030|36596|39708|0|44996|47940|53587|0|56710|62917|66148|0|72502|75591|81483|84723|0|90333|93830|100466|0|103479|110550|114071|122943|0|125293|134425|137664|0|147710|151580|161060|164605|0|175369|178625|189146|0|191262|200905|202732|0|212506|213737|222506|222501|0|229968|231060|239347|0|237851|244238|242272|248981|0|246618|250893|248185|0|252929|248855|252972|0|249241|250740|247356|248599|0|244318|244948|237774|0|237793|231193|228551|222022|0|218270|211000|206223|0|198755|192068|184310|0|176452|167635|159326|150054|0|141481|132009|121265|0|112600|102117|93576|83853|0|75103|66684|59604|0|51747|45494|39470|34461|0|29496|25369|21619|0|18268|15457|13380|0|11229|9481|7996|6723|0|5522|4905|4157|0|3557|3045|2557|2178|0|1929|1638|1456|0|1345|1204|989|0|929|903|801|757|0|700|660|643|0|620|609|583|510|0|512|536|534|0|493|539|553|575|0|606|569|601|0|660|680|712|0|690|756|682|695|0|673|677|607|0|504|428|295|247|0|176|140|91|0|62|39|36|0|18|10|6|2|0|2|1|4|0|0|0|0|0|0|0|0|0|0|0|0|0|0</HistCounts>
      </HistItem>
    </Histograms>
    <Metadata>
      <MDI key="STATISTICS_MINIMUM">57</MDI>
      <MDI key="STATISTICS_MAXIMUM">255</MDI>
      <MDI key="STATISTICS_MEAN">133.7783735443</MDI>
      <MDI key="STATISTICS_STDDEV">20.460772183768</MDI>
    </Metadata>
  </PAMRasterBand>
</PAMDataset>
